node_id,page,name,width,height,current_radius,target_radius,level,instances,change
42400:51406,"Bottom sheet (바텀시트) 🚧","value=title_only",360,56,20,14,Medium,0,true
42400:51408,"Bottom sheet (바텀시트) 🚧","value=expand_btn",360,32,20,10,Small,0,true
42400:51410,"Bottom sheet (바텀시트) 🚧","value=2btn_title",360,56,20,14,Medium,0,true
42400:51412,"Bottom sheet (바텀시트) 🚧","value=default",360,56,20,14,Medium,0,true
42400:51414,"Bottom sheet (바텀시트) 🚧","value=ico_text",360,56,20,14,Medium,0,true
42400:51617,"Bottom sheet (바텀시트) 🚧","Property 1=수수료 미부과",375,786,20,20,Xlarge,0,false
42400:51676,"Bottom sheet (바텀시트) 🚧","Property 1=수수료 부과",375,831,20,20,Xlarge,0,false
42412:39353,"Picker (피커) ✅","Property 1=date_picker_aos",360,192,20,20,Xlarge,0,false
42412:39368,"Picker (피커) ✅","Property 1=date_picker_oneway_disable_aos",360,192,20,20,Xlarge,0,false
42412:39383,"Picker (피커) ✅","Property 1=date_picker_oneway_aos",360,164,20,20,Xlarge,0,false
42412:39391,"Picker (피커) ✅","Property 1=date_picker_disable_aos",360,164,20,20,Xlarge,0,false
42419:35842,"Modal (모달) ✅","Type=default",312,180,20,20,Xlarge,1,false
42419:35849,"Modal (모달) ✅","Type=default + title",312,226,20,20,Xlarge,10,false
42419:35858,"Modal (모달) ✅","Type=vertical two",312,226,20,20,Xlarge,3,false
42419:35869,"Modal (모달) ✅","Type=horizontal two",312,294,20,20,Xlarge,2,false
42419:35880,"Modal (모달) ✅","Type=three button",312,340,20,20,Xlarge,0,false
42419:35894,"Modal (모달) ✅","Type=one text",312,258,20,20,Xlarge,1,false
42419:35905,"Modal (모달) ✅","Type=scroll",312,394,20,20,Xlarge,1,false
42419:35916,"Modal (모달) ✅","Type=two text",312,342,20,20,Xlarge,1,false
42419:35930,"Modal (모달) ✅","Type=contents",312,350,20,20,Xlarge,1,false
42419:35940,"Modal (모달) ✅","Type=contents + two button",312,350,20,20,Xlarge,0,false
42419:35951,"Modal (모달) ✅","Type=contents + two button 2",312,434,20,20,Xlarge,0,false
42419:36706,"Modal (모달) ✅","Type=default",311,226,20,20,Xlarge,0,false
42419:36715,"Modal (모달) ✅","Type=vertical two",311,226,20,20,Xlarge,0,false
42419:36726,"Modal (모달) ✅","Type=horizontal two",311,293,20,20,Xlarge,0,false
42419:36737,"Modal (모달) ✅","Type=two text",311,342,20,20,Xlarge,0,false
42419:36751,"Modal (모달) ✅","Type=contents",311,350,20,20,Xlarge,0,false
42419:36761,"Modal (모달) ✅","Type=contents + two button",311,350,20,20,Xlarge,0,false
42419:36772,"Modal (모달) ✅","Type=contents + two button 2",311,406,20,20,Xlarge,0,false
42420:43289,"Selection box (셀렉션 박스) 🚧","Property 1=식음료",55,24,99,10,Small,0,true
42420:43291,"Selection box (셀렉션 박스) 🚧","Property 1=엔터",42,24,99,10,Small,0,true
42420:43293,"Selection box (셀렉션 박스) 🚧","Property 1=생활기타",78,22,99,8,Small,0,true
42420:43296,"Selection box (셀렉션 박스) 🚧","Property 1=D-completion",53,18,100,8,Xsmall,0,true
42420:43298,"Selection box (셀렉션 박스) 🚧","Property 1=D-completion_02",53,18,100,8,Xsmall,0,true
42420:43300,"Selection box (셀렉션 박스) 🚧","Property 1=D-used",55,18,100,8,Xsmall,0,true
42420:43302,"Selection box (셀렉션 박스) 🚧","Property 1=D-default",38,18,100,8,Xsmall,0,true
42420:43304,"Selection box (셀렉션 박스) 🚧","Property 1=D-soon",33,18,100,8,Xsmall,0,true
42420:43308,"Selection box (셀렉션 박스) 🚧","Property 1=mcard_LP_maxpoint",320,180,10,20,Xlarge,0,true
42420:43322,"Selection box (셀렉션 박스) 🚧","Property 1=mcard_LP_point",320,180,10,20,Xlarge,0,true
42420:43331,"Selection box (셀렉션 박스) 🚧","Property 1=mcard_LP_def",320,180,10,20,Xlarge,0,true
42420:43334,"Selection box (셀렉션 박스) 🚧","Property 1=mcard_T_pressed",320,180,10,20,Xlarge,0,true
42420:43340,"Selection box (셀렉션 박스) 🚧","Property 1=mcard_T_def",320,180,10,20,Xlarge,0,true
42420:43343,"Selection box (셀렉션 박스) 🚧","Property 1=mcard_T_add",320,180,10,20,Xlarge,0,true
42420:43349,"Selection box (셀렉션 박스) 🚧","Property 1=mcard_T_point",320,180,10,20,Xlarge,0,true
42420:43357,"Selection box (셀렉션 박스) 🚧","Property 1=mcard_T_maxpoint",320,180,10,20,Xlarge,0,true
42420:43371,"Selection box (셀렉션 박스) 🚧","Property 1=mcard_T_number",320,180,10,20,Xlarge,0,true
42420:43396,"Selection box (셀렉션 박스) 🚧","Property 1=mcard_kt_maxpoint",320,180,10,20,Xlarge,0,true
42420:43411,"Selection box (셀렉션 박스) 🚧","Property 1=mcard_kt_number",320,180,10,20,Xlarge,0,true
42420:43435,"Selection box (셀렉션 박스) 🚧","Property 1=mcard_kt_point",320,180,10,20,Xlarge,0,true
42420:43444,"Selection box (셀렉션 박스) 🚧","Property 1=mcard_kt_add_pressed",320,180,10,20,Xlarge,0,true
42420:43451,"Selection box (셀렉션 박스) 🚧","Property 1=mcard_kt_add",320,180,10,20,Xlarge,0,true
42420:43458,"Selection box (셀렉션 박스) 🚧","Property 1=mcard_kt_def",320,180,10,20,Xlarge,0,true
42420:43523,"Selection box (셀렉션 박스) 🚧","Property 1=point_view",320,60,10,14,Medium,0,true
42420:43527,"Selection box (셀렉션 박스) 🚧","Property 1=point_view_dis",320,60,10,14,Medium,0,true
42420:43582,"Selection box (셀렉션 박스) 🚧","Property 1=pass mall_cupon_fold",320,198,16,20,Xlarge,0,true
42420:43606,"Selection box (셀렉션 박스) 🚧","Property 1=pass mall_cupon_open",320,368,16,20,Xlarge,0,true
42420:57552,"Tap (탭) 🚧","Property 1=2depth_tab_01",320,40,10,12,Medium,0,true
42420:57557,"Tap (탭) 🚧","Property 1=2depth_tab_02",320,40,10,12,Medium,0,true
42420:57563,"Tap (탭) 🚧","Property 1=New value",320,40,10,12,Medium,0,true
42420:57570,"Tap (탭) 🚧","Property 1=Variant2",320,40,10,12,Medium,0,true
42420:57577,"Tap (탭) 🚧","Property 1=Variant3",320,40,10,12,Medium,0,true
42420:57965,"Tap (탭) 🚧","Property 1=2depth_tab_01",335,40,10,12,Medium,0,true
42420:57970,"Tap (탭) 🚧","Property 1=2depth_tab_02",335,40,10,12,Medium,0,true
42420:57976,"Tap (탭) 🚧","Property 1=New value",335,40,10,12,Medium,0,true
42420:57983,"Tap (탭) 🚧","Property 1=Variant2",335,40,10,12,Medium,0,true
42420:57990,"Tap (탭) 🚧","Property 1=Variant3",335,40,10,12,Medium,0,true
42441:53402,"Bage (뱃지) 🚧","Property 1=caption_round_24",60,24,12,10,Small,0,true
42441:53405,"Bage (뱃지) 🚧","Property 1=caption_round_text_24",42,24,12,10,Small,0,true
42441:53408,"Bage (뱃지) 🚧","Property 1=caption_oneway_24",60,24,12,10,Small,0,true
42441:53411,"Bage (뱃지) 🚧","Property 1=caption_oneway_text_24",42,24,12,10,Small,0,true
42441:53464,"Bage (뱃지) 🚧","checked=아쉬워요_on",91,90,10,20,Xlarge,0,true
42441:53467,"Bage (뱃지) 🚧","checked=평범해요_on",91,90,10,20,Xlarge,0,true
42441:53470,"Bage (뱃지) 🚧","checked=만족해요_on",91,90,10,20,Xlarge,0,true
42441:53473,"Bage (뱃지) 🚧","checked=아쉬워요_off",91,90,10,20,Xlarge,0,true
42441:53476,"Bage (뱃지) 🚧","checked=평범해요_off",91,90,10,20,Xlarge,0,true
42441:53479,"Bage (뱃지) 🚧","checked=만족해요_off",91,90,10,20,Xlarge,0,true
42454:19345,"Text field (텍스트필드) 🚧","Property 1=Certify, Property 2=Typing",335,48,8,12,Medium,1,true
42454:19817,"Text field (텍스트필드) 🚧","Property 1=Long, Property 2=Typing",335,120,8,20,Xlarge,0,true
42454:19840,"Text field (텍스트필드) 🚧","Property 1=Long, Property 2=Default",335,129,8,20,Xlarge,6,true
42454:19843,"Text field (텍스트필드) 🚧","Property 1=Short, Property 2=Typing",335,48,8,12,Medium,0,true
42454:19846,"Text field (텍스트필드) 🚧","Property 1=Short, Property 2=Focus Out",335,48,8,12,Medium,0,true
42454:19849,"Text field (텍스트필드) 🚧","Property 1=Short, Property 2=Default",335,48,8,12,Medium,1,true
42763:34576,"Checkbox (체크 박스) ✅","Checkbox/square-check",24,24,4,10,Small,17,true
43094:29006,"Elevation system (엘리베이션 시스템) 🚧","Property 1=top_info_freezone",320,48,10,12,Medium,0,true
43094:29011,"Elevation system (엘리베이션 시스템) 🚧","Property 1=top_info_oda",320,48,10,12,Medium,0,true
43094:29022,"Elevation system (엘리베이션 시스템) 🚧","Property 1=top_info_bookmark",320,48,10,12,Medium,0,true
43213:28069,"Bottom sheet (바텀시트) 🚧","value=title_only",360,56,20,14,Medium,0,true
43213:28071,"Bottom sheet (바텀시트) 🚧","value=expand_btn",360,32,20,10,Small,0,true
43213:28073,"Bottom sheet (바텀시트) 🚧","value=value6",360,20,20,8,Small,0,true
43213:28075,"Bottom sheet (바텀시트) 🚧","value=2btn_title",360,56,20,14,Medium,0,true
43213:28077,"Bottom sheet (바텀시트) 🚧","value=default",360,56,20,14,Medium,0,true
43213:28079,"Bottom sheet (바텀시트) 🚧","value=ico_text",360,56,20,14,Medium,0,true
44082:9276,"Picker (피커) ✅","value=title_only",360,56,20,14,Medium,0,true
44082:9278,"Picker (피커) ✅","value=expand_btn",360,32,20,10,Small,0,true
44082:9280,"Picker (피커) ✅","value=value6",360,20,20,8,Small,0,true
44082:9282,"Picker (피커) ✅","value=2btn_title",360,56,20,14,Medium,0,true
44082:9284,"Picker (피커) ✅","value=default",360,56,20,14,Medium,0,true
44082:9286,"Picker (피커) ✅","value=ico_text",360,56,20,14,Medium,0,true